Nom;Adresse;Téléphone;Site Web;Note Google;Nombre d'avis;Score prospect;Priorité
APLI BOIS SARL;46 All. Charles Daubigny, 33470 Gujan-Mestras, France;06 28 04 98 81;https://www.aplibois.fr/;5;4;Chaud;2
Darmoun Charpente - Ossature bois - Charpente - Couverture - Extension - Terrasse - Carport - Cabanon - Bassin d’Arcachon;17 Av. de la Gare, 33470 Le Teich, France;06 89 60 88 00;https://darmouncharpente.com/;4.9;19;Chaud;2
Passion Charpente;96 Rue Nicolas Appert, 33260 La Teste-de-Buch, France;06 19 75 66 49;https://passioncharpente-lateste.fr/;5;1;Chaud;2
Art du toit - Charpente & Couverture;260 Av. Henri Becquerel, 33260 La Teste-de-Buch, France;06 75 05 69 93;https://www.artdutoit.fr/;4.8;60;Tiède;3
GENERAL WOODICS - CHARPENTE COUVERTURE - ETIENNE SANCHEZ MAÎTRE ARTISAN;120 Av. Abbé Edmé Mariotte, 33260 La Teste-de-Buch, France;06 49 75 76 49;https://www.facebook.com/share/1ASUEUTvW9/;5;6;Chaud;2
CONCEPT BOIS - CHARPENTE - COUVERTURE - OSSATURE BOIS;6 All. Chante Brise, 33260 La Teste-de-Buch, France;06 40 81 58 65;https://charpente-conceptbois.fr/;5;4;Chaud;2
L'ATELIER PONCHE;17 Rue Paul Pouget, 33470 Gujan-Mestras, France;06 10 81 86 11;;5;1;Très Chaud;1
JG Bois;141 Rue de l'Or, 33470 Gujan-Mestras, France;06 30 69 15 43;http://loeildubassin.com/733/jg-bois;5;1;Chaud;2
DIAWARA CHARPENTE;84 Av. Charles de Gaulle, 33260 La Teste-de-Buch, France;06 61 56 97 58;http://www.diawaracharpente.com/;4.5;15;Chaud;2
Aubin Charpente;84 Rue de l'Or, 33470 Gujan-Mestras, France;05 56 66 27 35;;2;3;Très Chaud;1
LES CHARPENTIERS COUVREURS DU BASSIN;1 Rue du Ponteils, 33980 Audenge, France;06 60 19 44 26;https://www.facebook.com/Les-Charpentiers-Couvreurs-du-Bassin-631764120314048/?__req=a;5;6;Chaud;2
Charpente Varoqueaux;1488 Av. du Parc des Expositions, 33260 La Teste-de-Buch, France;09 70 35 54 86;http://www.charpentes-varoqueaux.fr/;5;1;Chaud;2
SARL Etablissement Raymond;209 Av. de la Côte d'Argent, 33380 Biganos, France;05 56 26 72 15;https://www.etablissement-raymond.fr/;4.8;34;Chaud;2
Ramond Sarl;780 Bd de l'Industrie, 33260 La Teste-de-Buch, France;05 56 54 10 55;https://www.ramond-constructions.fr/;5;2;Chaud;2
Charpentier couvreur R.E.VILLA Rénovation,Entretien,Villa;Rue François Mauriac, 33380 Biganos, France;06 16 35 36 35;;5;9;Très Chaud;1
Attitude Ossature;3 All. Mongilard, 33470 Gujan-Mestras, France;06 69 78 53 54;;2.3;3;Très Chaud;1
G.B Charpente;242 Rue des Viré Vents, 40460 Sanguinet, France;07 84 18 77 60;https://www.gb-charpente.fr/;5;9;Chaud;2
Couvreur Zingueur Charpentier - Mr Bruch;13 Rue Jean Dassie, 33260 La Teste-de-Buch, France;06 59 25 11 62;https://mrbruch-couvreur.com/;4.7;82;Tiède;3
DL Menuiserie Gujan-Mestras;101 Cr de Verdun, 33470 Gujan-Mestras, France;05 56 54 11 11;https://dlmenuiserie.fr/;4.7;82;Tiède;3
Les Rénovateurs du Bassin - Couvreur / Menuisier / Terrasses / Agrandissements bois Bassin d'Arcachon;14 Av. de L'actipôle, 33470 Gujan-Mestras, France;05 64 52 00 96;https://lesrenovateursdubassin.fr/;4.3;44;Chaud;2